{
  "rows": 6000,
  "episodes_max": 6000,
  "window_for_rolling_plots": 100,
  "columns": [
    "episode",
    "reward",
    "success",
    "collision",
    "steps",
    "goal_x",
    "goal_y",
    "dist",
    "min_scan",
    "r_progress",
    "r_time",
    "r_collision_avoid",
    "r_yaw",
    "r_terminal",
    "epsilon",
    "reward_components_sum",
    "reward_diff"
  ],
  "reward": {
    "mean": -66.73214942065712,
    "median": -199.8653580722132,
    "std": 196.68582294885348,
    "min": -305.27536972542714,
    "max": 233.7903351012613
  },
  "success": {
    "mean": 0.3546666666666667,
    "median": 0.0,
    "std": 0.4784520612886662,
    "min": 0.0,
    "max": 1.0
  },
  "collision": {
    "mean": 0.6453333333333333,
    "median": 1.0,
    "std": 0.4784520612886662,
    "min": 0.0,
    "max": 1.0
  },
  "steps": {
    "mean": 2.4231666666666665,
    "median": 2.0,
    "std": 2.3250084407583564,
    "min": 1.0,
    "max": 26.0
  },
  "dist": {
    "mean": 1.0294301619678734,
    "median": 0.5629200920459688,
    "std": 1.02974506322847,
    "min": 0.0016284474905547,
    "max": 4.583543584417382
  },
  "min_scan": {
    "mean": 0.042647499999999956,
    "median": 0.0233333333333333,
    "std": 0.027332519893822606,
    "min": 0.02,
    "max": 0.0933333333333333
  },
  "epsilon": {
    "mean": 0.4640087687567231,
    "median": 0.41390265870541454,
    "std": 0.1775189916175563,
    "min": 0.248628520585334,
    "max": 0.9
  }
}