{
  "rows": 6000,
  "episodes_max": 6000,
  "window_for_rolling_plots": 500,
  "columns": [
    "episode",
    "reward",
    "success",
    "collision",
    "steps",
    "goal_x",
    "goal_y",
    "dist",
    "min_scan",
    "r_progress",
    "r_time",
    "r_collision_avoid",
    "r_yaw",
    "r_terminal",
    "epsilon",
    "reward_components_sum",
    "reward_diff"
  ],
  "reward": {
    "mean": -179.33073907178604,
    "median": -186.6557139148453,
    "std": 77.126580326389,
    "min": -358.52223233270377,
    "max": 262.96281505709834
  },
  "success": {
    "mean": 0.03783333333333333,
    "median": 0.0,
    "std": 0.1908089102451208,
    "min": 0.0,
    "max": 1.0
  },
  "collision": {
    "mean": 0.9621666666666666,
    "median": 1.0,
    "std": 0.1908089102451208,
    "min": 0.0,
    "max": 1.0
  },
  "steps": {
    "mean": 3.5348333333333333,
    "median": 2.0,
    "std": 4.2992868342827855,
    "min": 1.0,
    "max": 58.0
  },
  "dist": {
    "mean": 1.658320333329332,
    "median": 1.1446123176904348,
    "std": 0.8434957949226923,
    "min": 0.0076063812660819,
    "max": 4.589199971103292
  },
  "min_scan": {
    "mean": 0.024789999999999954,
    "median": 0.0233333333333333,
    "std": 0.011107454103597472,
    "min": 0.02,
    "max": 0.0916666666666666
  },
  "epsilon": {
    "mean": 0.25349544345884356,
    "median": 0.18135539040212606,
    "std": 0.19600387723071502,
    "min": 0.0718763586463784,
    "max": 0.8
  }
}