{
  "rows": 6000,
  "episodes_max": 6000,
  "window_for_rolling_plots": 100,
  "columns": [
    "episode",
    "reward",
    "success",
    "collision",
    "steps",
    "goal_x",
    "goal_y",
    "dist",
    "min_scan",
    "r_progress",
    "r_time",
    "r_collision_avoid",
    "r_yaw",
    "r_terminal",
    "epsilon",
    "reward_components_sum",
    "reward_diff"
  ],
  "reward": {
    "mean": -185.42974766306313,
    "median": -195.5437117161258,
    "std": 57.19331051611613,
    "min": -313.05910993247977,
    "max": 226.7016121838124
  },
  "success": {
    "mean": 0.016833333333333332,
    "median": 0.0,
    "std": 0.12865741723945925,
    "min": 0.0,
    "max": 1.0
  },
  "collision": {
    "mean": 0.9831666666666666,
    "median": 1.0,
    "std": 0.12865741723945925,
    "min": 0.0,
    "max": 1.0
  },
  "steps": {
    "mean": 7.0023333333333335,
    "median": 6.0,
    "std": 6.621930953315685,
    "min": 1.0,
    "max": 142.0
  },
  "dist": {
    "mean": 3.2061774086199404,
    "median": 3.0689827199690285,
    "std": 0.9885250785198415,
    "min": 0.0204788238205235,
    "max": 4.589264457999588
  },
  "min_scan": {
    "mean": 0.02332111111111107,
    "median": 0.0216666666666666,
    "std": 0.00740806098442212,
    "min": 0.02,
    "max": 0.0933333333333333
  },
  "epsilon": {
    "mean": 0.3477376586644388,
    "median": 0.275582598137708,
    "std": 0.2576566682038841,
    "min": 0.0627296809509267,
    "max": 0.8999150042498584
  }
}